"observation_id","label","count","proportion","expected_count","standardized_residual"
"obs-0001","narrow x setosa",1,0.00666666666666667,15.6666666666667,-3.70546845269268
"obs-0002","middle x setosa",36,0.24,29.3333333333333,1.23091490979333
"obs-0003","wide x setosa",13,0.0866666666666667,5,3.57770876399966
"obs-0004","narrow x versicolor",27,0.18,15.6666666666667,2.86331653162616
"obs-0005","middle x versicolor",23,0.153333333333333,29.3333333333333,-1.16936916430366
"obs-0006","wide x versicolor",0,0,5,-2.23606797749979
"obs-0007","narrow x virginica",19,0.126666666666667,15.6666666666667,0.842151921066519
"obs-0008","middle x virginica",29,0.193333333333333,29.3333333333333,-0.0615457454896662
"obs-0009","wide x virginica",2,0.0133333333333333,5,-1.34164078649987
