"observation_id","label","bootstrap_mean","deviation","percentile"
"obs-0001","resample-0001",18.165625,-1.925,0.0625
"obs-0002","resample-0002",20.534375,0.443750000000001,0.6175
"obs-0003","resample-0003",18.840625,-1.25,0.1325
"obs-0004","resample-0004",20.6375,0.546875,0.6475
"obs-0005","resample-0005",22.375,2.284375,0.9925
"obs-0006","resample-0006",19.921875,-0.168749999999999,0.395
"obs-0007","resample-0007",18.46875,-1.621875,0.1075
"obs-0008","resample-0008",20.240625,0.149999999999999,0.5175
"obs-0009","resample-0009",19.053125,-1.0375,0.1675
"obs-0010","resample-0010",19.903125,-0.1875,0.3875
"obs-0011","resample-0011",22.0125,1.921875,0.9625
"obs-0012","resample-0012",20.696875,0.606249999999999,0.6725
"obs-0013","resample-0013",20.53125,0.440625000000001,0.6125
"obs-0014","resample-0014",20.36875,0.278124999999999,0.5475
"obs-0015","resample-0015",19.921875,-0.168749999999999,0.395
"obs-0016","resample-0016",20.18125,0.0906249999999993,0.4975
"obs-0017","resample-0017",21.053125,0.962499999999999,0.7925
"obs-0018","resample-0018",19.96875,-0.121874999999999,0.4075
"obs-0019","resample-0019",19.88125,-0.209374999999998,0.3775
"obs-0020","resample-0020",20.225,0.134375000000002,0.5025
"obs-0021","resample-0021",20.690625,0.600000000000001,0.665
"obs-0022","resample-0022",19.178125,-0.912500000000001,0.2075
"obs-0023","resample-0023",20.753125,0.662500000000001,0.6925
"obs-0024","resample-0024",19.5625,-0.528124999999999,0.2575
"obs-0025","resample-0025",18.1,-1.990625,0.0475
"obs-0026","resample-0026",20.1125,0.0218750000000014,0.4625
"obs-0027","resample-0027",20.06875,-0.0218749999999979,0.4525
"obs-0028","resample-0028",22.475,2.384375,0.9975
"obs-0029","resample-0029",17.896875,-2.19375,0.0375
"obs-0030","resample-0030",19.303125,-0.787499999999998,0.2375
"obs-0031","resample-0031",20.4875,0.396875000000001,0.5975
"obs-0032","resample-0032",21.265625,1.175,0.8425
"obs-0033","resample-0033",21.13125,1.040625,0.8025
"obs-0034","resample-0034",19.221875,-0.868749999999999,0.2175
"obs-0035","resample-0035",20.15625,0.0656250000000007,0.49
"obs-0036","resample-0036",19.984375,-0.106249999999999,0.4125
"obs-0037","resample-0037",19.8875,-0.203125,0.3825
"obs-0038","resample-0038",19.60625,-0.484375,0.2775
"obs-0039","resample-0039",18.79375,-1.296875,0.1275
"obs-0040","resample-0040",20.403125,0.3125,0.5725
"obs-0041","resample-0041",21.41875,1.328125,0.8925
"obs-0042","resample-0042",19.2,-0.890625,0.2125
"obs-0043","resample-0043",21.7625,1.671875,0.9375
"obs-0044","resample-0044",20.625,0.534375000000001,0.6375
"obs-0045","resample-0045",21.25,1.159375,0.8375
"obs-0046","resample-0046",19.24375,-0.846875000000001,0.2225
"obs-0047","resample-0047",20.78125,0.690625000000001,0.7225
"obs-0048","resample-0048",19.65625,-0.434374999999999,0.3225
"obs-0049","resample-0049",18.1625,-1.928125,0.0575
"obs-0050","resample-0050",19.15625,-0.934374999999999,0.1975
"obs-0051","resample-0051",20.034375,-0.0562499999999986,0.4325
"obs-0052","resample-0052",18.56875,-1.521875,0.1125
"obs-0053","resample-0053",20.775,0.684374999999999,0.715
"obs-0054","resample-0054",21.39375,1.303125,0.8825
"obs-0055","resample-0055",19.028125,-1.0625,0.1575
"obs-0056","resample-0056",20.15625,0.0656250000000007,0.49
"obs-0057","resample-0057",20.284375,0.193750000000001,0.5325
"obs-0058","resample-0058",20.10625,0.015625,0.4575
"obs-0059","resample-0059",21.375,1.284375,0.8725
"obs-0060","resample-0060",16.90625,-3.184375,0.0025
"obs-0061","resample-0061",21.2375,1.146875,0.83
"obs-0062","resample-0062",18.29375,-1.796875,0.0775
"obs-0063","resample-0063",19.009375,-1.08125,0.1525
"obs-0064","resample-0064",19.0875,-1.003125,0.1775
"obs-0065","resample-0065",20.928125,0.837499999999999,0.7675
"obs-0066","resample-0066",20.7625,0.671875,0.7075
"obs-0067","resample-0067",20.60625,0.515625,0.6325
"obs-0068","resample-0068",19.871875,-0.21875,0.3725
"obs-0069","resample-0069",20.39375,0.303125000000001,0.5625
"obs-0070","resample-0070",21.06875,0.978125000000002,0.7975
"obs-0071","resample-0071",19.115625,-0.974999999999998,0.1875
"obs-0072","resample-0072",20.371875,0.28125,0.5525
"obs-0073","resample-0073",18.45,-1.640625,0.1025
"obs-0074","resample-0074",17.8375,-2.253125,0.0225
"obs-0075","resample-0075",20.496875,0.40625,0.6025
"obs-0076","resample-0076",19.646875,-0.443750000000001,0.3125
"obs-0077","resample-0077",19.728125,-0.362500000000001,0.3425
"obs-0078","resample-0078",18.890625,-1.2,0.14
"obs-0079","resample-0079",20.128125,0.0375000000000014,0.4725
"obs-0080","resample-0080",20.45,0.359375,0.5875
"obs-0081","resample-0081",21.596875,1.50625,0.9275
"obs-0082","resample-0082",20.2375,0.146875000000001,0.51
"obs-0083","resample-0083",17.84375,-2.246875,0.0275
"obs-0084","resample-0084",19.8125,-0.278124999999999,0.36
"obs-0085","resample-0085",20.059375,-0.03125,0.4425
"obs-0086","resample-0086",18.93125,-1.159375,0.1475
"obs-0087","resample-0087",20.11875,0.0281249999999993,0.4675
"obs-0088","resample-0088",17.68125,-2.409375,0.0125
"obs-0089","resample-0089",20.7125,0.621874999999999,0.6775
"obs-0090","resample-0090",17.54375,-2.546875,0.0075
"obs-0091","resample-0091",22.353125,2.2625,0.9775
"obs-0092","resample-0092",18.146875,-1.94375,0.0525
"obs-0093","resample-0093",19.609375,-0.481249999999999,0.2875
"obs-0094","resample-0094",20.140625,0.0500000000000007,0.4775
"obs-0095","resample-0095",19.2625,-0.828125,0.2325
"obs-0096","resample-0096",21.034375,0.943750000000001,0.78
"obs-0097","resample-0097",18.38125,-1.709375,0.0925
"obs-0098","resample-0098",19.55,-0.540624999999999,0.2525
"obs-0099","resample-0099",19.640625,-0.449999999999999,0.3075
"obs-0100","resample-0100",20.246875,0.15625,0.5225
"obs-0101","resample-0101",19.66875,-0.421875,0.3325
"obs-0102","resample-0102",21.76875,1.678125,0.9425
"obs-0103","resample-0103",22.365625,2.275,0.9825
"obs-0104","resample-0104",22.290625,2.2,0.9725
"obs-0105","resample-0105",20.06875,-0.0218750000000014,0.4475
"obs-0106","resample-0106",21.15,1.059375,0.8125
"obs-0107","resample-0107",20.825,0.734375,0.7425
"obs-0108","resample-0108",21.428125,1.3375,0.8975
"obs-0109","resample-0109",20.821875,0.731249999999999,0.7375
"obs-0110","resample-0110",17.78125,-2.309375,0.0175
"obs-0111","resample-0111",19.621875,-0.46875,0.3025
"obs-0112","resample-0112",21.390625,1.3,0.8775
"obs-0113","resample-0113",21.28125,1.190625,0.85
"obs-0114","resample-0114",19.759375,-0.331250000000001,0.3525
"obs-0115","resample-0115",20.021875,-0.0687500000000014,0.4225
"obs-0116","resample-0116",21.521875,1.43125,0.9075
"obs-0117","resample-0117",20.9125,0.821875000000002,0.7575
"obs-0118","resample-0118",21.978125,1.8875,0.9575
"obs-0119","resample-0119",20.025,-0.0656250000000007,0.4275
"obs-0120","resample-0120",20.2875,0.196875000000002,0.5375
"obs-0121","resample-0121",19.746875,-0.34375,0.3475
"obs-0122","resample-0122",19.584375,-0.506249999999998,0.2675
"obs-0123","resample-0123",20.4,0.309374999999999,0.5675
"obs-0124","resample-0124",21.43125,1.340625,0.9025
"obs-0125","resample-0125",20.459375,0.368750000000002,0.5925
"obs-0126","resample-0126",19.615625,-0.474999999999998,0.2975
"obs-0127","resample-0127",20.925,0.834375000000001,0.7625
"obs-0128","resample-0128",21.365625,1.275,0.8675
"obs-0129","resample-0129",21.28125,1.190625,0.85
"obs-0130","resample-0130",18.20625,-1.884375,0.0675
"obs-0131","resample-0131",21.590625,1.5,0.9225
"obs-0132","resample-0132",20.25625,0.165624999999999,0.5275
"obs-0133","resample-0133",21.775,1.684375,0.9475
"obs-0134","resample-0134",21.29375,1.203125,0.8575
"obs-0135","resample-0135",20.44375,0.353125000000002,0.5825
"obs-0136","resample-0136",21.034375,0.943750000000001,0.78
"obs-0137","resample-0137",21.8375,1.746875,0.9525
"obs-0138","resample-0138",21.2375,1.146875,0.83
"obs-0139","resample-0139",21.1875,1.096875,0.8225
"obs-0140","resample-0140",18.3,-1.790625,0.0825
"obs-0141","resample-0141",20.74375,0.653124999999999,0.6825
"obs-0142","resample-0142",20.790625,0.699999999999999,0.7275
"obs-0143","resample-0143",19.365625,-0.724999999999998,0.2425
"obs-0144","resample-0144",20.56875,0.478124999999999,0.6275
"obs-0145","resample-0145",19.1625,-0.928124999999998,0.2025
"obs-0146","resample-0146",20.75625,0.665624999999999,0.6975
"obs-0147","resample-0147",20.328125,0.237500000000001,0.5425
"obs-0148","resample-0148",20.675,0.584375000000001,0.6575
"obs-0149","resample-0149",21.396875,1.30625,0.8875
"obs-0150","resample-0150",19.09375,-0.996874999999999,0.1825
"obs-0151","resample-0151",21.70625,1.615625,0.9325
"obs-0152","resample-0152",21.328125,1.2375,0.8625
"obs-0153","resample-0153",21.134375,1.04375,0.8075
"obs-0154","resample-0154",20.425,0.334375000000001,0.5775
"obs-0155","resample-0155",19.60625,-0.484375,0.2775
"obs-0156","resample-0156",18.690625,-1.4,0.1225
"obs-0157","resample-0157",19.034375,-1.05625,0.1625
"obs-0158","resample-0158",20.565625,0.475000000000001,0.6225
"obs-0159","resample-0159",20.834375,0.743750000000002,0.7475
"obs-0160","resample-0160",20.63125,0.540625000000002,0.6425
"obs-0161","resample-0161",19.846875,-0.243749999999999,0.3675
"obs-0162","resample-0162",22.21875,2.128125,0.9675
"obs-0163","resample-0163",19.40625,-0.684374999999999,0.2475
"obs-0164","resample-0164",20.965625,0.875,0.7725
"obs-0165","resample-0165",19.8125,-0.278124999999999,0.36
"obs-0166","resample-0166",19.128125,-0.962499999999999,0.1925
"obs-0167","resample-0167",20.5,0.409375000000001,0.6075
"obs-0168","resample-0168",20.05625,-0.0343750000000007,0.4375
"obs-0169","resample-0169",18.31875,-1.771875,0.0875
"obs-0170","resample-0170",19.05625,-1.034375,0.1725
"obs-0171","resample-0171",20.75625,0.665625000000002,0.7025
"obs-0172","resample-0172",20.2375,0.146875000000001,0.51
"obs-0173","resample-0173",20.671875,0.581250000000001,0.6525
"obs-0174","resample-0174",19.60625,-0.484375,0.2775
"obs-0175","resample-0175",21.165625,1.075,0.8175
"obs-0176","resample-0176",17.853125,-2.2375,0.0325
"obs-0177","resample-0177",19.696875,-0.393750000000001,0.3375
"obs-0178","resample-0178",19.94375,-0.146874999999998,0.4025
"obs-0179","resample-0179",19.665625,-0.425000000000001,0.3275
"obs-0180","resample-0180",19.9875,-0.103124999999999,0.4175
"obs-0181","resample-0181",18.64375,-1.446875,0.1175
"obs-0182","resample-0182",17.928125,-2.1625,0.0425
"obs-0183","resample-0183",19.653125,-0.4375,0.3175
"obs-0184","resample-0184",21.0375,0.946874999999999,0.7875
"obs-0185","resample-0185",20.85625,0.765625,0.7525
"obs-0186","resample-0186",20.3875,0.296875,0.5575
"obs-0187","resample-0187",20.75,0.659375000000001,0.6875
"obs-0188","resample-0188",21.55625,1.465625,0.9175
"obs-0189","resample-0189",20.690625,0.600000000000001,0.665
"obs-0190","resample-0190",21.540625,1.45,0.9125
"obs-0191","resample-0191",18.890625,-1.2,0.14
"obs-0192","resample-0192",18.215625,-1.875,0.0725
"obs-0193","resample-0193",19.584375,-0.506250000000001,0.2625
"obs-0194","resample-0194",19.259375,-0.831250000000001,0.2275
"obs-0195","resample-0195",20.14375,0.0531250000000014,0.4825
"obs-0196","resample-0196",19.6125,-0.478124999999999,0.2925
"obs-0197","resample-0197",22.36875,2.278125,0.9875
"obs-0198","resample-0198",20.775,0.684374999999999,0.715
"obs-0199","resample-0199",18.39375,-1.696875,0.0975
"obs-0200","resample-0200",20.809375,0.71875,0.7325
